施設名,施設名(英語),カテゴリ,都道府県名,市区町村名,行政区名,住所,住所(かな),電話番号,対象地区,対象に対する記述,緯度,経度,海抜(m),避難所高さ(m),許容人数,洪水対応,土砂災害対応,高潮対応,地震対応,津波対応,浸水対応,大火事対応,噴火対応,説明(日本語),説明(英語),標準地域コード
黒門横町と大横町間の第1京浜国道,"",一時集合場所,"","","","","","",品川第一地区,"",35.371269,139.442495,"","","","","","","","","","","",北品川一丁目町会,"",http://statdb.nstac.go.jp/lod/sac/C13109
東八ツ山公園,"",一時集合場所,"","","","","","",品川第一地区,"",35.3729,139.4437,"","","","","","","","","","","",八ツ山町会、都営北品川アパート自治会、都営北品川第2アパート自治会,"",http://statdb.nstac.go.jp/lod/sac/C13109
聖跡公園,"",一時集合場所,"","","","","","",品川第一地区,"",35.378,139.4438,"","","","","","","","","","","",北品川二丁目町会,"",http://statdb.nstac.go.jp/lod/sac/C13109
子供の森公園,"",一時集合場所,"","","","","","",品川第一地区,"",35.3659,139.4418,"","","","","","","","","","","",北品川三丁目親和会,"",http://statdb.nstac.go.jp/lod/sac/C13109
城南中学校,"",一時集合場所,"","","","","","",品川第一地区,"",35.375,139.4417,"","","","","","","","","","","",北品川三丁目親和会,"",http://statdb.nstac.go.jp/lod/sac/C13109
御殿山小学校,"",一時集合場所,"","","","","","",品川第一地区,"",35.3724,139.4356,"","","","","","","","","","","",小関親睦会、袖ケ崎新興会,"",http://statdb.nstac.go.jp/lod/sac/C13109
小関公園,"",一時集合場所,"","","","","","",品川第一地区,"",35.371,139.44,"","","","","","","","","","","",小関親睦会,"",http://statdb.nstac.go.jp/lod/sac/C13109
開東閣,"",一時集合場所,"","","","","","",品川第一地区,"",35.3727,139.4411,"","","","","","","","","","","",御殿山町会,"",http://statdb.nstac.go.jp/lod/sac/C13109
洲崎公園,"",一時集合場所,"","","","","","",品川第一地区,"",35.375,139.4446,"","","","","","","","","","","",洌崎町会,"",http://statdb.nstac.go.jp/lod/sac/C13109
東品川海上公園,"",一時集合場所,"","","","","","",品川第一地区,"",35.372,139.4459,"","","","","","","","","","","",洌崎町会,"",http://statdb.nstac.go.jp/lod/sac/C13109
台場小学校,"",一時集合場所,"","","","","","",品川第一地区,"",35.3718,139.4438,"","","","","","","","","","","",東品川一・三町会、都営東品川第4アパート自治会,"",http://statdb.nstac.go.jp/lod/sac/C13109
荏原神社,"",一時集合場所,"","","","","","",品川第一地区,"",35.372,139.4436,"","","","","","","","","","","",櫻心会町会,"",http://statdb.nstac.go.jp/lod/sac/C13109
海徳寺,"",一時集合場所,"","","","","","",品川第一地区,"",35.3658,139.4435,"","","","","","","","","","","",櫻心会町会,"",http://statdb.nstac.go.jp/lod/sac/C13109
天王洲公園,"",一時集合場所,"","","","","","",品川第一地区,"",35.3711,139.45,"","","","","","","","","","","",天王洲会、都営天王洲団地自治会,"",http://statdb.nstac.go.jp/lod/sac/C13109
台場浦公園,"",一時集合場所,"","","","","","",品川第一地区,"",35.3717,139.4435,"","","","","","","","","","","",都営東品川7棟自治会,"",http://statdb.nstac.go.jp/lod/sac/C13109
都営アパート前広場,"",一時集合場所,"","","","","","",品川第一地区,"",35.3725,139.4425,"","","","","","","","","","","",都営南品川アパート自治会,"",http://statdb.nstac.go.jp/lod/sac/C13109
南品川二丁目児童遊園,"",一時集合場所,"","","","","","",品川第二地区,"",35.3656,139.4434,"","","","","","","","","","","",真交町会,"",http://statdb.nstac.go.jp/lod/sac/C13109
城南小学校,"",一時集合場所,"","","","","","",品川第二地区,"",35.3648,139.4434,"","","","","","","","","","","",博友町会,"",http://statdb.nstac.go.jp/lod/sac/C13109
妙国寺,"",一時集合場所,"","","","","","",品川第二地区,"",35.3644,139.4436,"","","","","","","","","","","",諏訪町会,"",http://statdb.nstac.go.jp/lod/sac/C13109
品川寺,"",一時集合場所,"","","","","","",品川第二地区,"",35.3635,139.4437,"","","","","","","","","","","",三睦会町会,"",http://statdb.nstac.go.jp/lod/sac/C13109
海晏寺,"",一時集合場所,"","","","","","",品川第二地区,"",35.3628,139.4433,"","","","","","","","","","","",三睦会町会,"",http://statdb.nstac.go.jp/lod/sac/C13109
天竜寺,"",一時集合場所,"","","","","","",品川第二地区,"",35.3652,139.4423,"","","","","","","","","","","",明睦会,"",http://statdb.nstac.go.jp/lod/sac/C13109
願行寺,"",一時集合場所,"","","","","","",品川第二地区,"",35.365,139.443,"","","","","","","","","","","",明睦会,"",http://statdb.nstac.go.jp/lod/sac/C13109
南品川児童センター,"",一時集合場所,"","","","","","",品川第二地区,"",35.3649,139.4419,"","","","","","","","","","","",同友会町会,"",http://statdb.nstac.go.jp/lod/sac/C13109
広町公園,"",一時集合場所,"","","","","","",品川第二地区,"",35.3649,139.443,"","","","","","","","","","","",同友会町会,"",http://statdb.nstac.go.jp/lod/sac/C13109
町田学園,"",一時集合場所,"","","","","","",品川第二地区,"",35.3631,139.4425,"","","","","","","","","","","",南品川南睦会,"",http://statdb.nstac.go.jp/lod/sac/C13109
品川第二地域センター,"",一時集合場所,"","","","","","",品川第二地区,"",35.3641,139.4429,"","","","","","","","","","","",東睦会,"",http://statdb.nstac.go.jp/lod/sac/C13109
品川特別支援学校,"",一時集合場所,"","","","","","",品川第二地区,"",35.3635,139.4417,"","","","","","","","","","","",六丁目睦会,"",http://statdb.nstac.go.jp/lod/sac/C13109
浅間台小学校,"",一時集合場所,"","","","","","",品川第二地区,"",35.3642,139.4411,"","","","","","","","","","","",六丁目睦会,"",http://statdb.nstac.go.jp/lod/sac/C13109
八潮高校,"",一時集合場所,"","","","","","",品川第二地区,"",35.3643,139.4448,"","","","","","","","","","","",東親会,"",http://statdb.nstac.go.jp/lod/sac/C13109
東海中学校,"",一時集合場所,"","","","","","",品川第二地区,"",35.3645,139.4456,"","","","","","","","","","","",東品川第一自治会、自治八潮会、都営東品川第3アパート自治会,"",http://statdb.nstac.go.jp/lod/sac/C13109
五反田南公園,"",一時集合場所,"","","","","","",大崎第一地区,"",35.3731,139.4329,"","","","","","","","","","","",五反田一丁目町会,"",http://statdb.nstac.go.jp/lod/sac/C13109
日野学園,"",一時集合場所,"","","","","","",大崎第一地区,"",35.3728,139.4341,"","","","","","","","","","","",東五反田みづほ町会,"",http://statdb.nstac.go.jp/lod/sac/C13109
JR五反田東口広場,"",一時集合場所,"","","","","","",大崎第一地区,"",35.3735,139.4327,"","","","","","","","","","","",五反田中部町会,"",http://statdb.nstac.go.jp/lod/sac/C13109
五反田公園,"",一時集合場所,"","","","","","",大崎第一地区,"",35.374,139.4324,"","","","","","","","","","","",五反田東口町会,"",http://statdb.nstac.go.jp/lod/sac/C13109
柳沢商会駐車場前日本生命ビル前歩道,"",一時集合場所,"","","","","","",大崎第一地区,"",35.372736,139.432742,"","","","","","","","","","","",西五反田一丁目町会,"",http://statdb.nstac.go.jp/lod/sac/C13109
大崎橋公園,"",一時集合場所,"","","","","","",大崎第一地区,"",35.3729,139.4326,"","","","","","","","","","","",五反田睦町会,"",http://statdb.nstac.go.jp/lod/sac/C13109
ポーラ化粧品本舗玄関前広場他は各班ごとに指定,"",一時集合場所,"","","","","","",大崎第一地区,"",35.374,139.4316,"","","","","","","","","","","",西五反田一・二・三町会,"",http://statdb.nstac.go.jp/lod/sac/C13109
天理教教会,"",一時集合場所,"","","","","","",大崎第一地区,"",35.3739,139.4337,"","","","","","","","","","","",池田山町会,"",http://statdb.nstac.go.jp/lod/sac/C13109
清泉女子大学正門前,"",一時集合場所,"","","","","","",大崎第一地区,"",35.373716,139.434607,"","","","","","","","","","","",島津山自生会,"",http://statdb.nstac.go.jp/lod/sac/C13109
妙連山本立寺境内,"",一時集合場所,"","","","","","",大崎第一地区,"",35.3746,139.4346,"","","","","","","","","","","",袖が崎町会,"",http://statdb.nstac.go.jp/lod/sac/C13109
東五反田児童遊園,"",一時集合場所,"","","","","","",大崎第一地区,"",35.3744,139.4315,"","","","","","","","","","","",相生会,"",http://statdb.nstac.go.jp/lod/sac/C13109
本願寺,"",一時集合場所,"","","","","","",大崎第一地区,"",35.383,139.4329,"","","","","","","","","","","",上大崎一丁目町会,"",http://statdb.nstac.go.jp/lod/sac/C13109
上大崎公園,"",一時集合場所,"","","","","","",大崎第一地区,"",35.388,139.4318,"","","","","","","","","","","",上大崎一丁目愛誠会、上大崎一丁目第一愛誠会,"",http://statdb.nstac.go.jp/lod/sac/C13109
第三日野小学校,"",一時集合場所,"","","","","","",大崎第一地区,"",35.3758,139.4326,"","","","","","","","","","","",上大崎一丁目愛誠会、上大崎池の谷町会,"",http://statdb.nstac.go.jp/lod/sac/C13109
誕生八幡神社,"",一時集合場所,"","","","","","",大崎第一地区,"",35.383,139.433,"","","","","","","","","","","",上大崎目黒駅前町会,"",http://statdb.nstac.go.jp/lod/sac/C13109
五反田公共職業安定所前みやこ荘前,"",一時集合場所,"","","","","","",大崎第一地区,"",35.3935,139.4517,"","","","","","","","","","","",上大崎三丁目町会,"",http://statdb.nstac.go.jp/lod/sac/C13109
旧荏原市場跡地パークマンション前,"",一時集合場所,"","","","","","",大崎第一地区,"",35.374,139.431,"","","","","","","","","","","",夕陽会,"",http://statdb.nstac.go.jp/lod/sac/C13109
目黒駅西口前路上,"",一時集合場所,"","","","","","",大崎第一地区,"",35.382,139.4255,"","","","","","","","","","","",目黒駅前西口町会,"",http://statdb.nstac.go.jp/lod/sac/C13109
上大崎3丁目8番先路上,"",一時集合場所,"","","","","","",大崎第一地区,"",35.3756,139.4311,"","","","","","","","","","","",中丸親和町会,"",http://statdb.nstac.go.jp/lod/sac/C13109
上大崎2・7・17先路上,"",一時集合場所,"","","","","","",大崎第一地区,"",35.3816,139.4258,"","","","","","","","","","","",上大崎長者丸町会,"",http://statdb.nstac.go.jp/lod/sac/C13109
環六歩道上(大崎郵便局前),"",一時集合場所,"","","","","","",大崎第一地区,"",35.373058,139.4372,"","","","","","","","","","","",西五反田本町会,"",http://statdb.nstac.go.jp/lod/sac/C13109
環六歩道上(マツダ五反田営業所前),"",一時集合場所,"","","","","","",大崎第一地区,"",35.373113,139.43436,"","","","","","","","","","","",西五反田七・五・三町会,"",http://statdb.nstac.go.jp/lod/sac/C13109
第四日野小学校,"",一時集合場所,"","","","","","",大崎第一地区,"",35.3733,139.4244,"","","","","","","","","","","",大崎本町三丁目町会,"",http://statdb.nstac.go.jp/lod/sac/C13109
かむろ坂公園,"",一時集合場所,"","","","","","",大崎第一地区,"",35.3731,139.4242,"","","","","","","","","","","",西五反田四丁目町会,"",http://statdb.nstac.go.jp/lod/sac/C13109
西霧ケ谷公園,"",一時集合場所,"","","","","","",大崎第一地区,"",35.3723,139.4244,"","","","","","","","","","","",西五反田五丁目西三町会,"",http://statdb.nstac.go.jp/lod/sac/C13109
第一日野小学校,"",一時集合場所,"","","","","","",大崎第一地区,"",35.372,139.4258,"","","","","","","","","","","",西五反田協和町会、西五反田六丁目町会,"",http://statdb.nstac.go.jp/lod/sac/C13109
御成橋公園,"",一時集合場所,"","","","","","",大崎第一地区,"",35.372,139.4345,"","","","","","","","","","","",都営東五反田二丁目アパ一ト自治会,"",http://statdb.nstac.go.jp/lod/sac/C13109
西八丁公園,"",一時集合場所,"","","","","","",大崎第一地区,"",35.378,139.437,"","","","","","","","","","","",西五反田南町会,"",http://statdb.nstac.go.jp/lod/sac/C13109
西五反田6丁目児童遊園,"",一時集合場所,"","","","","","",大崎第一地区,"",35.3715,139.433,"","","","","","","","","","","",西五反田南町会,"",http://statdb.nstac.go.jp/lod/sac/C13109
西品川1丁目防災活動広場,"",一時集合場所,"","","","","","",大崎第二地区,"",35.3643,139.4344,"","","","","","","","","","","",西品川三栄会,"",http://statdb.nstac.go.jp/lod/sac/C13109
西品川公園,"",一時集合場所,"","","","","","",大崎第二地区,"",35.3647,139.435,"","","","","","","","","","","",協力睦会,"",http://statdb.nstac.go.jp/lod/sac/C13109
大崎中学校,"",一時集合場所,"","","","","","","大崎第二地区,荏原第三地区","",35.3657,139.4323,"","","","","","","","","","","","品川尚和会,戸越一丁目町会","",http://statdb.nstac.go.jp/lod/sac/C13109
三木小学校,"",一時集合場所,"","","","","","",大崎第二地区,"",35.3656,139.4337,"","","","","","","","","","","",西品川新生会,"",http://statdb.nstac.go.jp/lod/sac/C13109
そよかぜ公園,"",一時集合場所,"","","","","","",大崎第二地区,"",35.3642,139.4335,"","","","","","","","","","","",西品川二丁目会,"",http://statdb.nstac.go.jp/lod/sac/C13109
三ツ木公園,"",一時集合場所,"","","","","","",大崎第二地区,"",35.365,139.4335,"","","","","","","","","","","",西品川三ツ木会,"",http://statdb.nstac.go.jp/lod/sac/C13109
芳水小学校,"",一時集合場所,"","","","","","",大崎第二地区,"",35.379,139.4329,"","","","","","","","","","","",大崎一二三町会、大崎ウェストシティタワーズ自治会,"",http://statdb.nstac.go.jp/lod/sac/C13109
磯田ビル前歩道,"",一時集合場所,"","","","","","",大崎第二地区,"",35.37487,139.435486,"","","","","","","","","","","",大崎居木橋町会,"",http://statdb.nstac.go.jp/lod/sac/C13109
立正大学,"",一時集合場所,"","","","","","",大崎第二地区,"",35.3714,139.4325,"","","","","","","","","","","",大崎四丁目町会,"",http://statdb.nstac.go.jp/lod/sac/C13109
峰原公園,"",一時集合場所,"","","","","","",大崎第二地区,"",35.374,139.4314,"","","","","","","","","","","",大崎四丁目町会,"",http://statdb.nstac.go.jp/lod/sac/C13109
大崎5丁目児童遊園,"",一時集合場所,"","","","","","",大崎第二地区,"",35.3719,139.4331,"","","","","","","","","","","",大崎三五町会,"",http://statdb.nstac.go.jp/lod/sac/C13109
都立産業技術高等専門学校グランド,"",一時集合場所,"","","","","","",大井第一地区,"",35.3625,139.4456,"","","","","","","","","","","",鮫洲曙町会,"",http://statdb.nstac.go.jp/lod/sac/C13109
鮫洲運動公園,"",一時集合場所,"","","","","","",大井第一地区,"",35.3621,139.4442,"","","","","","","","","","","",鮫洲北町会、鮫洲仲町会,"",http://statdb.nstac.go.jp/lod/sac/C13109
鮫浜小学校,"",一時集合場所,"","","","","","",大井第一地区,"",35.366,139.4426,"","","","","","","","","","","",鮫洲南町会、大井北浜川東町会、大井元芝町会,"",http://statdb.nstac.go.jp/lod/sac/C13109
浜川中学校,"",一時集合場所,"","","","","","",大井第一地区,"",35.361,139.4417,"","","","","","","","","","","",北浜川西町会,"",http://statdb.nstac.go.jp/lod/sac/C13109
新浜川公園,"",一時集合場所,"","","","","","",大井第一地区,"",35.3552,139.4427,"","","","","","","","","","","",北浜川仲町会,"",http://statdb.nstac.go.jp/lod/sac/C13109
しながわ区民公園,"",一時集合場所,"","","","","","",大井第一地区,"",35.3534,139.4419,"","","","","","","","","","","",大井南浜町会、大井海岸町会,"",http://statdb.nstac.go.jp/lod/sac/C13109
鈴ヶ森中学校,"",一時集合場所,"","","","","","",大井第一地区,"",35.3535,139.4416,"","","","","","","","","","","",大井南浜町会、鈴ヶ森町会,"",http://statdb.nstac.go.jp/lod/sac/C13109
鈴ヶ森公園,"",一時集合場所,"","","","","","",大井第一地区,"",35.3538,139.445,"","","","","","","","","","","",鈴ヶ森町会,"",http://statdb.nstac.go.jp/lod/sac/C13109
大井海岸公園,"",一時集合場所,"","","","","","",大井第一地区,"",35.3518,139.44,"","","","","","","","","","","",大井海岸町会,"",http://statdb.nstac.go.jp/lod/sac/C13109
大井坂下公園,"",一時集合場所,"","","","","","",大井第一地区,"",35.3523,139.435,"","","","","","","","","","","",大井坂下町会,"",http://statdb.nstac.go.jp/lod/sac/C13109
大井水神公園,"",一時集合場所,"","","","","","",大井第一地区,"",35.3534,139.4351,"","","","","","","","","","","",大井水神町会,"",http://statdb.nstac.go.jp/lod/sac/C13109
浜川小学校,"",一時集合場所,"","","","","","",大井第一地区,"",35.3554,139.441,"","","","","","","","","","","",南大井第四町会,"",http://statdb.nstac.go.jp/lod/sac/C13109
南大井文化センター,"",一時集合場所,"","","","","","",大井第一地区,"",35.3547,139.4415,"","","","","","","","","","","",南大井第四町会,"",http://statdb.nstac.go.jp/lod/sac/C13109
浜川公園,"",一時集合場所,"","","","","","",大井第一地区,"",35.3549,139.448,"","","","","","","","","","","",大井寺下町会,"",http://statdb.nstac.go.jp/lod/sac/C13109
関ヶ原公園,"",一時集合場所,"","","","","","",大井第一地区,"",35.369,139.448,"","","","","","","","","","","",大井関ヶ原町会,"",http://statdb.nstac.go.jp/lod/sac/C13109
東大井公園,"",一時集合場所,"","","","","","",大井第一地区,"",35.3613,139.442,"","","","","","","","","","","",大井元芝町会,"",http://statdb.nstac.go.jp/lod/sac/C13109
総合区民会館,"",一時集合場所,"","","","","","",大井第一地区,"",35.3622,139.449,"","","","","","","","","","","",大井立会町会,"",http://statdb.nstac.go.jp/lod/sac/C13109
立会小学校,"",一時集合場所,"","","","","","",大井第一地区,"",35.3616,139.4425,"","","","","","","","","","","",東大井月見台町会、東大井林町会,"",http://statdb.nstac.go.jp/lod/sac/C13109
わかくさ公園,"",一時集合場所,"","","","","","",大井第一地区,"",35.3548,139.444,"","","","","","","","","","","",勝島町会,"",http://statdb.nstac.go.jp/lod/sac/C13109
大森駅前住宅中庭,"",一時集合場所,"","","","","","",大井第一地区,"",35.351814,139.434441,"","","","","","","","","","","",大森駅前住宅自治会,"",http://statdb.nstac.go.jp/lod/sac/C13109
JR東日本大井工場,"",一時集合場所,"","","","","","",大井第二地区,"",35.3633,139.4358,"","","","","","","","","","","",大井一丁目権現町会,"",http://statdb.nstac.go.jp/lod/sac/C13109
大井中央公園,"",一時集合場所,"","","","","","",大井第二地区,"",35.3616,139.4356,"","","","","","","","","","","",大井一丁目鎧町会,"",http://statdb.nstac.go.jp/lod/sac/C13109
宮下公園,"",一時集合場所,"","","","","","",大井第二地区,"",35.3619,139.4342,"","","","","","","","","","","",大井森下町会,"",http://statdb.nstac.go.jp/lod/sac/C13109
森下児童遊園,"",一時集合場所,"","","","","","",大井第二地区,"",35.3623,139.4345,"","","","","","","","","","","",大井森下町会,"",http://statdb.nstac.go.jp/lod/sac/C13109
大井2丁目防災活動広場一部,"",一時集合場所,"","","","","","",大井第二地区,"",35.3614,139.4338,"","","","","","","","","","","",大井二丁目町会,"",http://statdb.nstac.go.jp/lod/sac/C13109
大井2丁目町会事務所,"",一時集合場所,"","","","","","",大井第二地区,"",35.3616,139.4342,"","","","","","","","","","","",大井二丁目町会,"",http://statdb.nstac.go.jp/lod/sac/C13109
山中小学校,"",一時集合場所,"","","","","","",大井第二地区,"",35.361,139.4348,"","","","","","","","","","","",大井三丁目町会,"",http://statdb.nstac.go.jp/lod/sac/C13109
大井倉田町会事務所前,"",一時集合場所,"","","","","","",大井第二地区,"",35.361,139.441,"","","","","","","","","","","",大井倉田町会,"",http://statdb.nstac.go.jp/lod/sac/C13109
西光寺門前,"",一時集合場所,"","","","","","",大井第二地区,"",35.361,139.4359,"","","","","","","","","","","",大井倉田町会,"",http://statdb.nstac.go.jp/lod/sac/C13109
伊藤学園,"",一時集合場所,"","","","","","",大井第二地区,"",35.361,139.4334,"","","","","","","","","","","",大井滝王子町会,"",http://statdb.nstac.go.jp/lod/sac/C13109
大井第一小学校,"",一時集合場所,"","","","","","",大井第二地区、大井第三地区,"",35.3555,139.4352,"","","","","","","","","","","",大井滝王子町会、大井鹿島町会,"",http://statdb.nstac.go.jp/lod/sac/C13109
西大井広場公園,"",一時集合場所,"","","","","","",大井第二地区、大井第三地区、荏原第五地区,"",35.367,139.4323,"","","","","","","","","","","",西大井一丁目町会、西大井六丁目町会、二葉中央町会,"",http://statdb.nstac.go.jp/lod/sac/C13109
鹿島庚塚児童遊園,"",一時集合場所,"","","","","","",大井第三地区,"",35.3539,139.4345,"","","","","","","","","","","",大井庚塚町会,"",http://statdb.nstac.go.jp/lod/sac/C13109
西大井3丁目防災活動広場,"",一時集合場所,"","","","","","",大井第三地区,"",35.3549,139.4327,"","","","","","","","","","","",出石町会,"",http://statdb.nstac.go.jp/lod/sac/C13109
出石公園,"",一時集合場所,"","","","","","",大井第三地区,"",35.354,139.432,"","","","","","","","","","","",出石町会,"",http://statdb.nstac.go.jp/lod/sac/C13109
ウェルカムセンター原,"",一時集合場所,"","","","","","",大井第三地区,"",35.3557,139.4319,"","","","","","","","","","","",西大井二丁目町会,"",http://statdb.nstac.go.jp/lod/sac/C13109
西の森公園,"",一時集合場所,"","","","","","",大井第三地区,"",35.355,139.4316,"","","","","","","","","","","",西大井四丁目町会,"",http://statdb.nstac.go.jp/lod/sac/C13109
西大井4丁目防災活動広場,"",一時集合場所,"","","","","","",大井第三地区,"",35.3535,139.431,"","","","","","","","","","","",西大井四丁目町会,"",http://statdb.nstac.go.jp/lod/sac/C13109
伊藤小学校,"",一時集合場所,"","","","","","",大井第三地区,"",35.3556,139.432,"","","","","","","","","","","",西大井五丁目伊藤町会,"",http://statdb.nstac.go.jp/lod/sac/C13109
冨士見台中学校,"",一時集合場所,"","","","","","",大井第三地区,"",35.3555,139.4255,"","","","","","","","","","","",西大井五丁目伊藤町会,"",http://statdb.nstac.go.jp/lod/sac/C13109
林試の森公園,"",一時集合場所,"","","","","","",荏原第一地区,"",35.3729,139.4155,"","","","","","","","","","","",小山台一丁目町会、小山台一丁目東町会、小山台二丁目町会,"",http://statdb.nstac.go.jp/lod/sac/C13109
大陽日酸株式会社,"",一時集合場所,"","","","","","",荏原第一地区,"",35.3721,139.4241,"","","","","","","","","","","",小山一丁目町会,"",http://statdb.nstac.go.jp/lod/sac/C13109
あさひ公園,"",一時集合場所,"","","","","","",荏原第一地区,"",35.3713,139.4229,"","","","","","","","","","","",小山二丁目東部町会,"",http://statdb.nstac.go.jp/lod/sac/C13109
後地小学校,"",一時集合場所,"","","","","","",荏原第一地区,"",35.3718,139.4231,"","","","","","","","","","","",小山二丁目西部町会,"",http://statdb.nstac.go.jp/lod/sac/C13109
小山台高等学校,"",一時集合場所,"","","","","","",荏原第一地区,"",35.3716,139.4213,"","","","","","","","","","","",小山三丁目町会,"",http://statdb.nstac.go.jp/lod/sac/C13109
小山小学校,"",一時集合場所,"","","","","","",荏原第一地区、荏原第二地区,"",35.3658,139.4212,"","","","","","","","","","","",小山四丁目町会、荏原五丁目町会,"",http://statdb.nstac.go.jp/lod/sac/C13109
荏原第六中学校,"",一時集合場所,"","","","","","",荏原第一地区,"",35.3659,139.42,"","","","","","","","","","","",小山五丁目町会,"",http://statdb.nstac.go.jp/lod/sac/C13109
荏原第一中学校,"",一時集合場所,"","","","","","",荏原第一地区,"",35.371,139.4246,"","","","","","","","","","","",荏原一丁目町会,"",http://statdb.nstac.go.jp/lod/sac/C13109
星薬科大学グラウンド,"",一時集合場所,"","","","","","",荏原第一地区,"",35.378,139.4244,"","","","","","","","","","","",荏原二丁目町会,"",http://statdb.nstac.go.jp/lod/sac/C13109
荏原3丁目防災活動広場,"",一時集合場所,"","","","","","",荏原第一地区,"",35.375,139.423,"","","","","","","","","","","",荏原三丁目町会,"",http://statdb.nstac.go.jp/lod/sac/C13109
スクエア荏原,"",一時集合場所,"","","","","","",荏原第一地区、荏原第三地区,"",35.3655,139.4227,"","","","","","","","","","","",荏原四丁目町会、平塚四丁目町会,"",http://statdb.nstac.go.jp/lod/sac/C13109
京陽小学校,"",一時集合場所,"","","","","","",荏原第二地区,"",35.3654,139.4247,"","","","","","","","","","","",中原共和町会,"",http://statdb.nstac.go.jp/lod/sac/C13109
江戸見坂公園,"",一時集合場所,"","","","","","",荏原第二地区,"",35.3646,139.4157,"","","","","","","","","","","",小山六丁目町会,"",http://statdb.nstac.go.jp/lod/sac/C13109
洗足会館,"",一時集合場所,"","","","","","",荏原第二地区,"",35.3642,139.4145,"","","","","","","","","","","",小山ヒ丁目町会,"",http://statdb.nstac.go.jp/lod/sac/C13109
荏原南公園,"",一時集合場所,"","","","","","",荏原第二地区,"",35.3641,139.421,"","","","","","","","","","","",荏原六丁目町会,"",http://statdb.nstac.go.jp/lod/sac/C13109
小山八幡神社,"",一時集合場所,"","","","","","",荏原第二地区,"",35.3642,139.4159,"","","","","","","","","","","",荏原七丁目町会,"",http://statdb.nstac.go.jp/lod/sac/C13109
第二延山小学校,"",一時集合場所,"","","","","","",荏原第二地区,"",35.3636,139.4213,"","","","","","","","","","","",旗の台一丁目町会,"",http://statdb.nstac.go.jp/lod/sac/C13109
清水台小学校,"",一時集合場所,"","","","","","",荏原第二地区,"",35.3627,139.428,"","","","","","","","","","","",旗の台二丁目町会、旗の台西二丁目町会、小山洗足町会、旗の台六丁目町会,"",http://statdb.nstac.go.jp/lod/sac/C13109
旗の台公園,"",一時集合場所,"","","","","","",荏原第三地区,"",35.3613,139.421,"","","","","","","","","","","",旗の台南町会,"",http://statdb.nstac.go.jp/lod/sac/C13109
梅宮医院前,"",一時集合場所,"","","","","","",荏原第三地区,"",35.3657,139.4255,"","","","","","","","","","","",平塚一丁目町会,"",http://statdb.nstac.go.jp/lod/sac/C13109
竹の子公園,"",一時集合場所,"","","","","","",荏原第三地区,"",35.3647,139.4249,"","","","","","","","","","","",平塚一丁目南部町会,"",http://statdb.nstac.go.jp/lod/sac/C13109
京陽公園,"",一時集合場所,"","","","","","",荏原第三地区,"",35.37,139.4248,"","","","","","","","","","","",平塚二丁目町会,"",http://statdb.nstac.go.jp/lod/sac/C13109
荏原平塚学園,"",一時集合場所,"","","","","","",荏原第三地区,"",35.3655,139.4236,"","","","","","","","","","","",平塚三丁目町会、西中延自治会,"",http://statdb.nstac.go.jp/lod/sac/C13109
中延小学校,"",一時集合場所,"","","","","","",荏原第三地区,"",35.3645,139.4234,"","","","","","","","","","","",中延一丁目町会,"",http://statdb.nstac.go.jp/lod/sac/C13109
延山小学校,"",一時集合場所,"","","","","","",荏原第三地区,"",35.3632,139.4229,"","","","","","","","","","","",中延二丁目町会、西中延二丁目町会,"",http://statdb.nstac.go.jp/lod/sac/C13109
東中はなみずき公園,"",一時集合場所,"","","","","","",荏原第三地区,"",35.3639,139.4245,"","","","","","","","","","","",東中延一丁目町会,"",http://statdb.nstac.go.jp/lod/sac/C13109
中延公園,"",一時集合場所,"","","","","","",荏原第三地区,"",35.3642,139.4229,"","","","","","","","","","","",西中延一丁目町会,"",http://statdb.nstac.go.jp/lod/sac/C13109
荏原警察署横路上,"",一時集合場所,"","","","","","",荏原第三地区,"",35.3643,139.4223,"","","","","","","","","","","",西中延一丁目町会,"",http://statdb.nstac.go.jp/lod/sac/C13109
戸越台中学校,"",一時集合場所,"","","","","","",荏原第三地区,"",35.3657,139.433,"","","","","","","","","","","",戸越銀座町会、戸越一丁目町会,"",http://statdb.nstac.go.jp/lod/sac/C13109
戸越2丁目広場児童遊園,"",一時集合場所,"","","","","","",荏原第三地区,"",35.3652,139.436,"","","","","","","","","","","",戸越二丁目町会,"",http://statdb.nstac.go.jp/lod/sac/C13109
宮前小学校,"",一時集合場所,"","","","","","",荏原第三地区,"",35.3643,139.436,"","","","","","","","","","","",戸越三丁目町会、戸越四丁目町会,"",http://statdb.nstac.go.jp/lod/sac/C13109
大崎高校,"",一時集合場所,"","","","","","",荏原第三地区,"",35.3634,139.4317,"","","","","","","","","","","",戸越五丁目町会,"",http://statdb.nstac.go.jp/lod/sac/C13109
中延3丁目防災活動広場,"",一時集合場所,"","","","","","",荏原第四地区,"",35.3627,139.4238,"","","","","","","","","","","",中延三丁目町会,"",http://statdb.nstac.go.jp/lod/sac/C13109
小川ビル,"",一時集合場所,"","","","","","",荏原第四地区,"",35.3658,139.4245,"","","","","","","","","","","",中延四丁目町会,"",http://statdb.nstac.go.jp/lod/sac/C13109
中延みちしるべ防災広場,"",一時集合場所,"","","","","","",荏原第四地区,"",35.365,139.423,"","","","","","","","","","","",中延五丁目町会,"",http://statdb.nstac.go.jp/lod/sac/C13109
荏原町公園,"",一時集合場所,"","","","","","",荏原第四地区,"",35.367,139.4232,"","","","","","","","","","","",荏原町町会,"",http://statdb.nstac.go.jp/lod/sac/C13109
東中延公園,"",一時集合場所,"","","","","","",荏原第四地区,"",35.3625,139.4245,"","","","","","","","","","","",東中延二丁目町会,"",http://statdb.nstac.go.jp/lod/sac/C13109
大原公園,"",一時集合場所,"","","","","","",荏原第四地区,"",35.3627,139.4252,"","","","","","","","","","","",東中延二丁目町会,"",http://statdb.nstac.go.jp/lod/sac/C13109
大野駐車場,"",一時集合場所,"","","","","","",荏原第四地区,"",35.3619,139.425,"","","","","","","","","","","",東中三町会,"",http://statdb.nstac.go.jp/lod/sac/C13109
宮野氏駐車場,"",一時集合場所,"","","","","","",荏原第四地区,"",35.3618,139.4244,"","","","","","","","","","","",東中三町会,"",http://statdb.nstac.go.jp/lod/sac/C13109
源氏前小学校,"",一時集合場所,"","","","","","",荏原第四地区,"",35.3612,139.4242,"","","","","","","","","","","",中延六丁目町会,"",http://statdb.nstac.go.jp/lod/sac/C13109
西中お日さま公園,"",一時集合場所,"","","","","","",荏原第四地区,"",35.3625,139.4223,"","","","","","","","","","","",西中延三丁目町会,"",http://statdb.nstac.go.jp/lod/sac/C13109
延山くすのき公園,"",一時集合場所,"","","","","","",荏原第四地区,"",35.3629,139.4231,"","","","","","","","","","","",西中延三丁目町会,"",http://statdb.nstac.go.jp/lod/sac/C13109
立会川児童遊園(カエル公園),"",一時集合場所,"","","","","","",荏原第四地区,"",35.362,139.4217,"","","","","","","","","","","",旗の台三丁目町会,"",http://statdb.nstac.go.jp/lod/sac/C13109
旗台小学校,"",一時集合場所,"","","","","","",荏原第四地区,"",35.3612,139.4215,"","","","","","","","","","","",旗の台四丁目町会,"",http://statdb.nstac.go.jp/lod/sac/C13109
荏原第五中学校,"",一時集合場所,"","","","","","",荏原第四地区,"",35.3611,139.428,"","","","","","","","","","","",旗の台五丁目町会,"",http://statdb.nstac.go.jp/lod/sac/C13109
大原小学校,"",一時集合場所,"","","","","","",荏原第四地区,"",35.3626,139.4258,"","","","","","","","","","","",戸越六丁目町会,"",http://statdb.nstac.go.jp/lod/sac/C13109
上神明小学校,"",一時集合場所,"","","","","","",荏原第四地区,"",35.361,139.4257,"","","","","","","","","","","",豊町六丁目町会,"",http://statdb.nstac.go.jp/lod/sac/C13109
原っぱ公園,"",一時集合場所,"","","","","","",荏原第四地区,"",35.364,139.4249,"","","","","","","","","","","",二葉四丁目町会,"",http://statdb.nstac.go.jp/lod/sac/C13109
戸越小学校,"",一時集合場所,"","","","","","",荏原第五地区,"",35.3639,139.4316,"","","","","","","","","","","",豊町一丁目町会,"",http://statdb.nstac.go.jp/lod/sac/C13109
戸越公園,"",一時集合場所,"","","","","","",荏原第五地区,"",35.364,139.4321,"","","","","","","","","","","",豊町二丁目親和会,"",http://statdb.nstac.go.jp/lod/sac/C13109
旧荏原第四中学校(朋優学院高校仮校舎),"",一時集合場所,"","","","","","",荏原第五地区,"",35.3632,139.4316,"","","","","","","","","","","",豊町三丁目町会,"",http://statdb.nstac.go.jp/lod/sac/C13109
杜松ホーム,"",一時集合場所,"","","","","","",荏原第五地区,"",35.3622,139.4321,"","","","","","","","","","","",豊町四丁目町会、豊町五丁目町会、二葉中央町会、二葉三丁目町会,"",http://statdb.nstac.go.jp/lod/sac/C13109
豊葉の杜学園,"",一時集合場所,"","","","","","",荏原第五地区,"",35.3626,139.4332,"","","","","","","","","","","",二葉一丁目町会、二葉神明町会,"",http://statdb.nstac.go.jp/lod/sac/C13109
NFパークビルポケットパーク,"",一時集合場所,"","","","","","",荏原第五地区,"",35.362,139.4327,"","","","","","","","","","","",二葉二丁目町会,"",http://statdb.nstac.go.jp/lod/sac/C13109
